const int num_biases_l0 = 2;const int num_weights_l0 = 0;
const int num_biases_l1 = 8;const float biases_l1[num_biases_l1] = float[](-0.812973, -0.120992, -0.101197, -0.354768, 0.480356, -0.0548611, -1.23951, 0.0693977);
const int num_weights_l1 = 16;const float weights_l1[num_weights_l1] = float[](0.398913, 1.90334, 1.83108, 0.320002, 0.0559832, -0.704273, 1.3188, -1.39076, -0.386388, -1.70636, -0.254656, -1.61563, 1.77275, 0.498876, 1.9912, -0.995999);

const int num_biases_l2 = 16;const float biases_l2[num_biases_l2] = float[](-0.405607, -0.153712, 0.0152589, 0.254409, 0.0781098, -0.791728, 0.320088, -0.256783, -0.350799, 0.0457409, 0.00747671, 0.0991035, -0.206261, -0.639662, -0.275233, 0.0188441);
const int num_weights_l2 = 128;const float weights_l2[num_weights_l2] = float[](0.777085, 0.495841, -0.174645, 0.414459, -0.305442, 0.0838793, -0.423915, -1.17495, -0.19446, -0.906705, 1.03053, 0.2698, 0.758412, 0.162318, 0.294653, 0.553846, -0.0720009, -0.244349, 0.0353882, -0.509101, 0.140364, -0.345384, 0.431899, -0.366095, -0.224931, -0.651412, 0.193377, -0.0637772, -0.895483, -0.53274, -0.727396, 0.050663, -0.149039, -0.410705, 0.296082, 0.115292, 0.0952353, -0.172374, 0.68635, 0.398928, 0.643223, 0.41841, 0.62701, 0.905214, -0.579456, -0.148529, 1.2155, -0.0975136, 0.321475, -0.000254524, -0.387465, -0.395547, -0.413689, -0.154271, 0.400836, -1.28281, -0.361359, 1.03584, -0.243392, -0.962929, -1.24003, -0.50591, 0.327419, 0.0314759, 0.773086, 0.365216, 0.10406, 0.392229, 1.10681, 0.18756, 0.351593, 0.578025, -1.22345, 0.865204, 0.0971318, -0.198306, -0.227117, -0.450823, -0.557671, 0.149085, 0.0626845, -0.483143, 0.426555, -0.268174, -0.252393, 0.620112, -0.0215689, -0.643419, -0.377505, -0.517777, -0.353838, -0.572947, -0.363841, 0.526875, -0.372454, 1.0374, 0.399889, 0.0179017, 0.699003, 1.12512, -0.578207, 1.05571, -0.0111786, 0.66555, 0.887971, -0.143709, 0.372609, 0.42724, 0.163374, 0.172858, -0.580906, -0.345502, 0.138162, -0.403673, 0.173755, -0.0812227, 0.308227, 0.992621, -0.895465, 0.523961, -0.0805338, 0.912285, 1.0604, 0.677768, -0.157834, 0.0865032, -0.183607, 0.204608);

const int num_biases_l3 = 16;const float biases_l3[num_biases_l3] = float[](-0.396128, -0.059024, -0.150857, 0.260332, 0.312459, 0.0451862, 0.461431, 0.014187, -0.185461, -0.35505, 0.275423, 0.0204572, -0.0862204, 0.151743, -0.424756, 0.0487553);
const int num_weights_l3 = 256;const float weights_l3[num_weights_l3] = float[](0.326825, -0.0486806, -0.334929, -0.371078, 0.343982, 0.298075, 0.956064, 1.02954, -0.0333184, 0.0378251, -0.239818, -0.0810334, 0.177405, -0.181448, 0.222608, 0.211809, 0.331872, 0.402232, -0.0967116, -0.222407, 0.169055, 0.0697128, -0.968727, 0.228651, 0.0862147, 0.170846, 0.615005, -0.18573, -0.274725, -0.337422, 0.316513, 0.204779, 0.337626, -0.0251292, 0.0976823, 0.178554, 0.227076, 0.210299, -0.00920178, 0.422419, 0.257475, 0.35051, -0.305036, 0.469121, -0.0057965, -0.347966, -0.073119, 0.0326518, 0.626735, -0.544142, -0.617022, -0.156992, -0.198142, 0.0826876, -0.625439, 0.846183, -0.604448, 0.224061, -0.61446, 0.0273498, 0.50489, 0.450298, -0.217303, -0.207664, 0.53373, 0.515716, 0.466961, 0.169269, 0.571325, -0.468096, -0.0522975, -0.619554, 0.311391, -0.365924, 0.0464863, 0.458245, -0.328539, -0.493035, -0.325331, -0.438732, -0.12141, 0.41888, -0.125235, -0.525307, -0.349426, -0.39372, -0.300234, -0.169312, -0.106865, -0.29904, -0.257116, -0.394485, 0.588812, 0.294733, -0.228058, 0.681077, -0.173992, -0.0899158, -0.211738, 0.155089, -0.236667, -0.171766, 0.0981128, 0.263034, -0.146685, -0.20376, 0.822076, -0.0327781, -0.0847563, -0.225863, 0.0578928, -0.410975, 0.450454, -0.533279, -0.14587, 0.00947031, 0.165867, 0.191967, 0.305629, -0.123539, -0.100892, -0.0158558, 0.167403, -0.11418, -0.397236, 0.0714691, 0.496669, -0.617993, 0.575182, 0.108284, -0.113648, -0.595455, 0.0239551, 0.161495, 0.105805, 0.438491, 0.378172, -0.635234, -0.69342, -0.657507, 0.237489, 0.276223, -0.106548, 0.48195, -0.605493, -0.462722, 0.0834009, 0.582972, 0.17084, 0.544686, -0.219382, 0.233913, 0.460662, -0.527501, -0.0414197, -0.699014, 0.530489, -0.35283, 0.847811, 0.557745, -0.154631, 0.212606, 0.300816, -0.445707, -0.310991, -0.753441, -0.564953, 0.944225, -0.18908, 0.187811, -0.3958, -0.545296, -0.636114, -0.0841643, 0.469446, 0.157697, 0.319364, 0.259744, 0.0276676, -0.139293, -0.00637052, -1.25008, 0.120135, -0.290449, 0.729476, 0.213762, 0.457163, 0.468403, -0.191248, -0.460744, -0.411869, 0.359066, -0.259213, -0.0887527, 0.1122, -0.398166, -0.0875138, 0.49565, 0.373909, 0.11425, -0.122465, 0.123549, 0.294443, -0.448122, 0.0859868, -0.473945, -0.393473, -0.800549, 0.464684, -0.372448, -0.0168013, 0.0523944, -0.0613952, -0.281535, -0.577438, -0.403738, 0.101181, -0.200301, 0.371093, -0.213938, 0.452087, 0.522419, 0.325249, 0.621887, 0.430468, -0.870526, -0.194616, -0.253368, -0.057625, -0.205457, 0.272484, -0.0252356, -0.363775, 0.110684, 0.313045, -0.719654, 0.304267, -0.0513023, 0.593996, 0.275829, 0.0228058, 0.276777, -0.255906, 0.0898883, -0.70296, -0.294233, 0.266253, 0.808472, -0.984168, -0.128111, 0.0885464, 0.36849, -0.237552, -0.491724, 0.964525, 0.899342);

const int num_biases_l4 = 16;const float biases_l4[num_biases_l4] = float[](0.0258828, -0.0054689, -0.0893036, -0.0430192, -0.140173, -0.0574603, -0.155839, -0.0688235, -0.379584, -0.167752, 0.0975211, -0.0479139, -0.395204, 0.108722, -0.420742, -0.150473);
const int num_weights_l4 = 256;const float weights_l4[num_weights_l4] = float[](-0.223009, 0.0514155, 0.0407103, -0.625185, 0.156323, -0.00542714, 0.491592, 0.110703, -0.459381, 0.238591, -0.783012, 0.277739, 0.251633, 0.56069, -0.420501, -1.11309, 0.701265, -0.472033, 1.12161, 0.0560733, 0.152063, -1.01218, 0.468831, -0.369866, -0.312225, -0.589586, 0.132089, -0.313094, 0.174849, -0.0587944, 0.162558, -0.309692, -0.0309213, -0.234068, -0.0325299, 0.539168, 0.136039, 0.663396, -0.399665, -0.185258, 0.509345, -0.322503, -0.020091, -0.144388, -0.148446, -0.162772, -0.554536, -0.034658, -0.483427, 0.232609, -0.187415, -0.444565, 0.0562454, -0.591507, -0.457894, -0.587348, 0.239766, -0.0437237, 0.218564, 0.428291, -0.0569877, -0.0892339, 0.0495404, -0.0698764, -0.326146, -0.46819, 0.229001, -0.152038, 0.469805, -0.273634, -0.0361346, -0.414484, 0.288288, -0.0924085, -0.0601653, 0.211864, -0.26772, 0.73296, 0.394514, -0.0583666, 0.484574, 0.00979381, 0.189813, 0.157916, -0.41287, -0.388847, 0.561839, -0.0362862, 0.221518, 0.899209, 0.00991797, -0.509406, -0.513444, -0.417455, 0.0254063, 0.00133815, -0.783968, 0.83829, 0.0284208, 0.508098, 0.261699, 0.453149, 0.564385, -0.0470628, 0.385694, 0.0696631, -0.907205, 0.320734, -0.384396, 0.519159, -0.0998786, 0.467734, -0.246943, 0.0182192, 0.453166, -0.429469, 0.674624, -0.324926, -0.382263, -0.400575, -0.0805699, 0.262538, -0.100018, -0.157246, 0.0758452, -0.45133, -0.65704, -0.0902234, -0.10718, 0.299009, -0.303934, -0.131498, -0.599327, 0.351419, 0.0189247, 0.0237159, -0.394382, 0.110782, 0.920164, -0.506118, -0.139917, 0.118148, -0.290726, 0.0285372, -0.104602, 0.0601445, 0.358152, 0.725027, 0.347051, 0.83337, -0.646503, 0.786363, 0.334406, 0.544429, -0.413263, -0.104416, -0.0511276, 0.519379, 0.00199296, -1.43915, 0.308639, -0.235825, -0.159701, -0.258299, -0.265119, -0.19852, -0.355573, 0.148594, 0.0745636, 0.205765, 0.326287, -0.461162, 0.636246, 0.0715286, 0.2164, -0.0597504, -0.0880473, -0.0437589, 0.529536, -0.270029, -0.244871, 0.165253, 0.208623, 0.678961, -0.219996, -0.0334263, -0.144432, 0.500896, -0.00670362, -0.411647, 0.0733632, 0.0568475, 0.2607, 0.853876, -0.0702402, 1.02534, 0.0227118, -0.0343079, -0.730224, -0.213265, -0.376263, 0.313834, 0.0769948, -0.565509, -0.269636, 0.590201, 0.551726, 0.118143, -0.302247, 0.311977, -0.226844, 0.676969, -0.449269, 0.28325, 0.200367, 0.16937, -0.009701, -0.0840614, 0.397831, 0.141564, 0.0377729, 0.569728, 0.293304, 0.11422, -0.165845, 0.614279, 0.112423, 0.576284, -0.317519, 0.627888, 0.261511, 0.0763162, -0.0697227, -0.795459, 0.0754915, 0.265033, 0.840004, 0.3742, 0.57299, 0.396851, 0.123672, 0.410353, -0.232665, -0.925832, 0.297731, -0.161102, -0.231901, 0.402296, -0.11165, -0.386337, 0.0706912, -0.381634, 0.446001, -0.0213927, 0.216081, 0.0141076);

const int num_biases_l5 = 16;const float biases_l5[num_biases_l5] = float[](-0.455498, 0.106752, 0.0906966, 0.143393, -0.0146686, 0.286262, 0.358425, 0.239208, -0.0358784, 0.00971842, 0.0555028, -0.12773, -0.0220993, -0.230253, 0.0645525, -0.0579683);
const int num_weights_l5 = 256;const float weights_l5[num_weights_l5] = float[](-0.0730296, -0.326013, -0.243371, 0.237025, -0.326078, -0.0605712, -0.20828, -0.0867362, 0.367818, 0.328714, 0.659368, -0.202308, 0.468794, 0.152757, 0.662484, -0.0138835, 0.984169, 0.41512, -0.43461, 0.024675, -0.169347, -0.267718, -0.823753, -0.23351, -0.842871, -1.22494, -0.267376, -0.120906, 0.156555, 0.38678, 0.628169, -0.814079, 0.287491, -0.62049, 0.186184, -0.353643, -0.0645692, 0.394641, -0.192015, -0.140751, 0.204056, -0.413217, 0.289948, -1.16321, -0.259113, -0.0796057, -0.924707, 0.330298, -0.216871, -0.0961547, 0.119831, 0.427367, -0.640616, -0.290238, -0.375258, -0.275058, 0.386426, -0.796464, 0.110147, 0.301325, -0.0639242, 0.259039, 0.106885, -0.317879, 0.240602, 0.376029, 0.409475, 0.200798, -0.3562, -0.177817, 0.168527, 1.30908, -0.304321, -0.0375965, 0.377731, 0.477865, 0.106524, 0.0225833, -0.00883012, 0.227617, 1.13941, -0.239696, 0.561201, 0.551827, -0.209874, -0.166284, 0.00224541, 0.0667734, 0.206624, -0.348495, 0.294168, -0.104361, 0.669351, 0.235484, 0.0631781, -0.0468884, -0.469534, 0.517142, 0.222478, 0.501973, -0.214113, -0.258338, 0.137399, -0.889901, -0.0423082, -0.335666, 0.356165, -0.138542, -0.691232, 0.480574, -0.765828, 0.620423, 0.322937, 0.0547333, -0.168379, -0.553255, 0.233745, 0.0665847, 0.0555927, -0.313063, -0.0551253, 0.13635, 0.170966, 0.150969, -0.885498, 0.672221, -0.0445059, 0.767274, 0.367603, 0.851195, 0.448326, 0.211266, -0.196512, 0.140846, 0.15383, -0.13237, -0.0838073, -0.0292211, 0.00430866, -0.83359, 0.554898, -0.329636, 0.5995, -0.396645, 0.364008, 0.015063, 0.16158, 0.0786291, -0.323657, -0.402315, -0.477069, -0.243409, 0.228983, -0.461461, -0.211427, 0.223436, -0.356272, -0.258107, 0.358118, 0.171487, 0.24662, -0.031183, 0.0809319, 0.104391, 0.301484, -0.578221, 0.180675, 0.111663, -0.225504, 0.188448, 0.185241, 0.0355403, -0.124047, 0.630794, -0.0922929, -0.448827, 0.12821, 0.402988, 0.0748122, -0.383763, 0.181488, 0.39679, 0.463142, 0.581424, 0.125156, -0.591158, -0.457098, 0.145932, -0.110942, -0.762573, -0.272726, 0.293948, -0.455942, -0.323487, -0.728728, 0.296413, -0.110434, -0.0363862, -0.435033, -0.179096, 0.0594552, -0.281327, -0.019143, -0.380534, -0.121705, 0.490765, -0.523181, 0.463117, -0.614386, 0.0954563, -0.0462427, 0.0553941, 0.75734, -0.220895, 0.379414, -0.0598185, 0.277875, -0.526863, -0.0135907, -0.124355, -0.269075, -0.494333, 0.068031, -0.41471, -0.323314, 0.676257, 0.0997564, -0.0049694, -0.101572, -0.019205, -0.392282, 0.0969492, 0.307213, -0.00430075, -0.140664, 0.0560632, 0.0972882, 0.184082, 0.664612, -0.496213, -0.188828, -1.01751, -0.512311, -0.54682, 0.115086, -0.0859437, 0.501712, -0.280632, -0.207257, -0.311134, -0.0753509, -0.428759, -0.0554401, 0.781609, 0.470003, 0.0985174);

const int num_biases_l6 = 16;const float biases_l6[num_biases_l6] = float[](-0.012768, -0.0875127, -0.265931, 0.0428256, -0.155316, 0.015622, 0.523175, -0.0881406, -0.0519204, -0.0339099, -0.345518, 0.0339209, -0.265762, 0.27496, -0.0501802, 0.0831299);
const int num_weights_l6 = 256;const float weights_l6[num_weights_l6] = float[](0.573837, -0.646974, 0.0110281, -0.634975, -0.109542, -0.701089, 0.58262, 0.522472, -1.04067, -0.283776, 0.098424, -0.517354, -0.054755, 0.0746356, 0.00811554, 0.741897, 0.300834, 1.08184, 0.321744, -0.253408, 0.278402, -0.307107, -0.0271368, 0.353911, -0.080546, -0.310456, 0.145692, 0.0679159, 0.0778752, 0.482993, -0.322323, 0.318117, 0.135607, -0.17992, 0.0324888, -0.645145, 0.551191, -0.0820364, -0.473001, 0.778754, -0.0957158, -0.245298, 0.424626, 0.167289, 0.14262, -0.253789, 0.34067, 0.124893, -0.240597, -0.0871077, -0.0558541, -0.587852, 0.203132, -0.194473, 0.252276, -0.047792, -0.807641, 0.550401, -0.248274, -0.0034993, 0.578883, 0.217529, -0.562805, 0.707183, 0.514543, 0.265369, 0.182311, -0.59369, 0.365591, 0.0587292, -0.0311489, -0.390371, -0.899559, -0.273735, 0.0864708, -0.2335, -0.425376, -0.399495, -0.571852, 0.15818, 0.20156, -0.393122, -0.198317, 0.726212, -0.0109148, -0.0595245, -0.450979, -0.0605101, -0.328187, 0.792663, 0.638935, -0.26854, -0.423977, 0.109364, -0.226653, -0.671437, -0.726084, 0.187908, 1.07244, -0.359883, -0.130043, -0.677411, 0.522289, 0.802322, -0.17824, -0.552321, -0.394832, 0.0318521, -0.27655, 0.768009, -0.0111082, -0.497393, -0.567144, -0.0981716, 0.273592, 0.10213, -0.648205, -0.161982, 0.166849, 0.167905, 0.0632407, -0.140425, 0.102029, -0.437579, 0.0533934, 0.0318699, -0.0618115, -0.542727, -0.680688, -0.346581, 0.681188, -0.0673901, -0.150985, -0.0263927, -0.308114, 0.866551, -0.468176, -0.35087, -0.0873411, -0.131519, 0.53585, -0.530482, 0.782932, 0.366531, 0.207085, -0.367447, -0.00467435, 0.0496464, -0.195817, -0.570971, -0.436386, 0.0572047, -0.276622, -0.12374, 0.220823, 0.146384, 0.246229, 0.184327, -0.141374, -0.205127, -0.0516568, -0.322745, -0.684658, -0.262326, 0.053632, -0.695071, 0.139686, -0.605798, 0.277008, -0.215078, 0.0308933, 0.0212139, -0.182379, 0.0586324, 0.175942, 0.748711, 0.352837, -0.383158, 0.287832, -0.60079, 0.687751, 0.163554, -0.246652, 0.19195, 0.233524, 0.497267, -0.0940506, 0.425038, 0.171833, 0.102079, -0.483825, 0.282974, 0.558486, 0.222004, -0.0423441, 0.104458, 0.0745412, 0.409953, -0.306356, 0.0296066, -0.448065, 0.131761, 0.338707, -0.24974, 0.812626, -0.284855, -0.710054, 0.542418, -0.471021, 0.240049, 0.31679, 0.253066, 0.27564, 0.437085, -0.521064, -0.289432, 0.175683, -0.0980639, 0.35009, 0.201773, -0.277494, -0.08641, -0.0929765, -0.483949, -0.827997, 0.772179, 0.0885894, 0.226551, -0.29523, -0.184281, 0.205312, -0.180251, 0.242064, 0.468368, 0.261735, 0.415566, 0.18388, -0.13191, -0.195365, 0.731621, -0.166536, -0.258324, 0.0906366, 0.258286, 0.330938, -0.0278535, -0.152114, 0.340019, 0.0606632, 0.104608, 0.355681, -0.0218077, -0.0593666, 0.795738, 0.0622182, 0.45293);

const int num_biases_l7 = 8;const float biases_l7[num_biases_l7] = float[](-0.1236, -0.0900742, 0.286152, -0.115013, 0.124636, 0.0223608, -0.339315, 0.419315);
const int num_weights_l7 = 128;const float weights_l7[num_weights_l7] = float[](-0.286888, -0.375515, 0.0884321, 0.343078, 0.346782, 0.399051, 0.165168, 0.212729, 0.123845, 0.344661, -0.208144, 0.147242, 0.323988, -0.284741, 0.0797131, -0.0578726, 0.175534, -0.120263, -0.220659, -0.177468, 0.332896, 0.0889328, 0.187245, 0.657591, -0.412594, -0.0947344, 0.116986, -0.392249, 0.57141, -0.0592162, -0.565513, 0.141247, -0.829577, 0.474956, 0.307264, 0.857816, -0.15227, 0.0262681, -0.265265, -0.0984938, 0.123883, 0.285981, -0.346305, 0.261643, 0.0915211, 0.456665, -0.534976, 0.0576989, -0.101245, -0.715478, -0.121316, 0.0206776, -0.195179, -0.758541, 0.217236, -0.672541, 0.86858, -0.233615, 0.760191, 0.316438, 0.42534, 0.914917, -1.18833, -0.200232, -0.327576, -0.385527, 0.198776, -0.176689, 0.364907, -0.0822762, -0.261364, 0.436813, 0.194895, -0.176902, -0.249018, -0.143352, 0.190523, 0.277515, 0.357635, 0.382462, -0.384334, -0.561277, -0.296093, -0.0935785, 0.330439, 0.0512314, -0.80473, 0.0262049, 0.697668, -0.337665, 0.295058, -0.233353, -0.0935962, -0.0618185, 0.328639, 0.0647994, 0.141425, 0.0173776, 0.10993, -0.0814694, -0.164857, -0.314313, 0.363749, 0.252455, -0.390171, 0.430614, 0.0644022, -0.819021, 0.272823, 0.383604, 0.440268, 0.447064, -0.966276, 0.0121991, -0.273963, 0.737248, 0.145933, -0.380062, -0.373819, -0.102425, -0.574831, -0.143577, 0.338875, -0.682688, -0.0900935, 0.0626688, 0.410841, 0.363055);

const int num_biases_l8 = 3;const float biases_l8[num_biases_l8] = float[](0.339379, 0.33271, 0.179366);
const int num_weights_l8 = 24;const float weights_l8[num_weights_l8] = float[](0.0283084, -0.297363, 0.168776, -0.345011, 0.236305, 0.316014, -0.2259, 0.329924, -0.0784513, -0.332374, 0.1653, -0.345522, 0.244341, 0.206666, -0.240554, 0.315513, -0.347062, 0.228444, 0.346442, -0.262176, 0.109842, -0.756921, 0.100552, 0.151944);

